-5000.0,200.0
-4995.0,200.0
-4990.0,200.0
-4985.0,200.0
-4980.0,200.0
-4975.0,200.0
-4970.0,200.0
-4965.0,200.0
-4960.0,200.0
-4955.0,200.0
-4950.0,200.0
-4945.0,200.0
-4940.0,200.0
-4935.0,200.0
-4930.0,200.0
-4925.0,200.0
-4920.0,200.0
-4915.0,200.0
-4910.0,200.0
-4905.0,200.0
-4900.0,200.0
-4895.0,200.0
-4890.0,200.0
-4885.0,200.0
-4880.0,200.0
-4875.0,200.0
-4870.0,200.0
-4865.0,200.0
-4860.0,200.0
-4855.0,200.0
-4850.0,200.0
-4845.0,200.0
-4840.0,200.0
-4835.0,200.0
-4830.0,200.0
-4825.0,200.0
-4820.0,200.0
-4815.0,200.0
-4810.0,200.0
-4805.0,200.0
-4800.0,200.0
-4795.0,200.0
-4790.0,200.0
-4785.0,200.0
-4780.0,200.0
-4775.0,200.0
-4770.0,200.0
-4765.0,200.0
-4760.0,200.0
-4755.0,200.0
-4750.0,200.0
-4745.0,200.0
-4740.0,200.0
-4735.0,200.0
-4730.0,200.0
-4725.0,200.0
-4720.0,200.0
-4715.0,200.0
-4710.0,200.0
-4705.0,200.0
-4700.0,200.0
-4695.0,200.0
-4690.0,200.0
-4685.0,200.0
-4680.0,200.0
-4675.0,200.0
-4670.0,200.0
-4665.0,200.0
-4660.0,200.0
-4655.0,200.0
-4650.0,200.0
-4645.0,200.0
-4640.0,200.0
-4635.0,200.0
-4630.0,200.0
-4625.0,200.0
-4620.0,200.0
-4615.0,200.0
-4610.0,200.0
-4605.0,200.0
-4600.0,200.0
-4595.0,200.0
-4590.0,200.0
-4585.0,200.0
-4580.0,200.0
-4575.0,200.0
-4570.0,200.0
-4565.0,200.0
-4560.0,200.0
-4555.0,200.0
-4550.0,200.0
-4545.0,200.0
-4540.0,200.0
-4535.0,200.0
-4530.0,200.0
-4525.0,200.0
-4520.0,200.0
-4515.0,200.0
-4510.0,200.0
-4505.0,200.0
-4500.0,200.0
-4495.0,200.0
-4490.0,200.0
-4485.0,200.0
-4480.0,200.0
-4475.0,200.0
-4470.0,200.0
-4465.0,200.0
-4460.0,200.0
-4455.0,200.0
-4450.0,200.0
-4445.0,200.0
-4440.0,200.0
-4435.0,200.0
-4430.0,200.0
-4425.0,200.0
-4420.0,200.0
-4415.0,200.0
-4410.0,200.0
-4405.0,200.0
-4400.0,200.0
-4395.0,200.0
-4390.0,200.0
-4385.0,200.0
-4380.0,200.0
-4375.0,200.0
-4370.0,200.0
-4365.0,200.0
-4360.0,200.0
-4355.0,200.0
-4350.0,200.0
-4345.0,200.0
-4340.0,200.0
-4335.0,200.0
-4330.0,200.0
-4325.0,200.0
-4320.0,200.0
-4315.0,200.0
-4310.0,200.0
-4305.0,200.0
-4300.0,200.0
-4295.0,200.0
-4290.0,200.0
-4285.0,200.0
-4280.0,200.0
-4275.0,200.0
-4270.0,200.0
-4265.0,200.0
-4260.0,200.0
-4255.0,200.0
-4250.0,200.0
-4245.0,200.0
-4240.0,200.0
-4235.0,200.0
-4230.0,200.0
-4225.0,200.0
-4220.0,200.0
-4215.0,200.0
-4210.0,200.0
-4205.0,200.0
-4200.0,200.0
-4195.0,200.0
-4190.0,200.0
-4185.0,200.0
-4180.0,200.0
-4175.0,200.0
-4170.0,200.0
-4165.0,200.0
-4160.0,200.0
-4155.0,200.0
-4150.0,200.0
-4145.0,200.0
-4140.0,200.0
-4135.0,200.0
-4130.0,200.0
-4125.0,200.0
-4120.0,200.0
-4115.0,200.0
-4110.0,200.0
-4105.0,200.0
-4100.0,200.0
-4095.0,200.0
-4090.0,200.0
-4085.0,200.0
-4080.0,200.0
-4075.0,200.0
-4070.0,200.0
-4065.0,200.0
-4060.0,200.0
-4055.0,200.0
-4050.0,200.0
-4045.0,200.0
-4040.0,200.0
-4035.0,200.0
-4030.0,200.0
-4025.0,200.0
-4020.0,200.0
-4015.0,200.0
-4010.0,200.0
-4005.0,200.0
-4000.0,200.0
-3995.0,200.0
-3990.0,200.0
-3985.0,200.0
-3980.0,200.0
-3975.0,200.0
-3970.0,200.0
-3965.0,200.0
-3960.0,200.0
-3955.0,200.0
-3950.0,200.0
-3945.0,200.0
-3940.0,200.0
-3935.0,200.0
-3930.0,200.0
-3925.0,200.0
-3920.0,200.0
-3915.0,200.0
-3910.0,200.0
-3905.0,200.0
-3900.0,200.0
-3895.0,200.0
-3890.0,200.0
-3885.0,200.0
-3880.0,200.0
-3875.0,200.0
-3870.0,200.0
-3865.0,200.0
-3860.0,200.0
-3855.0,200.0
-3850.0,200.0
-3845.0,200.0
-3840.0,200.0
-3835.0,200.0
-3830.0,200.0
-3825.0,200.0
-3820.0,200.0
-3815.0,200.0
-3810.0,200.0
-3805.0,200.0
-3800.0,200.0
-3795.0,200.0
-3790.0,200.0
-3785.0,200.0
-3780.0,200.0
-3775.0,200.0
-3770.0,200.0
-3765.0,200.0
-3760.0,200.0
-3755.0,200.0
-3750.0,200.0
-3745.0,200.0
-3740.0,200.0
-3735.0,200.0
-3730.0,200.0
-3725.0,200.0
-3720.0,200.0
-3715.0,200.0
-3710.0,200.0
-3705.0,200.0
-3700.0,200.0
-3695.0,200.0
-3690.0,200.0
-3685.0,200.0
-3680.0,200.0
-3675.0,200.0
-3670.0,200.0
-3665.0,200.0
-3660.0,200.0
-3655.0,200.0
-3650.0,200.0
-3645.0,200.0
-3640.0,200.0
-3635.0,200.0
-3630.0,200.0
-3625.0,200.0
-3620.0,200.0
-3615.0,200.0
-3610.0,200.0
-3605.0,200.0
-3600.0,200.0
-3595.0,200.0
-3590.0,200.0
-3585.0,200.0
-3580.0,200.0
-3575.0,200.0
-3570.0,200.0
-3565.0,200.0
-3560.0,200.0
-3555.0,200.0
-3550.0,200.0
-3545.0,200.0
-3540.0,200.0
-3535.0,200.0
-3530.0,200.0
-3525.0,200.0
-3520.0,200.0
-3515.0,200.0
-3510.0,200.0
-3505.0,200.0
-3500.0,200.0
-3495.0,200.0
-3490.0,200.0
-3485.0,200.0
-3480.0,200.0
-3475.0,200.0
-3470.0,200.0
-3465.0,200.0
-3460.0,200.0
-3455.0,200.0
-3450.0,200.0
-3445.0,200.0
-3440.0,200.0
-3435.0,200.0
-3430.0,200.0
-3425.0,200.0
-3420.0,200.0
-3415.0,200.0
-3410.0,200.0
-3405.0,200.0
-3400.0,200.0
-3395.0,200.0
-3390.0,200.0
-3385.0,200.0
-3380.0,200.0
-3375.0,200.0
-3370.0,200.0
-3365.0,200.0
-3360.0,200.0
-3355.0,200.0
-3350.0,200.0
-3345.0,200.0
-3340.0,200.0
-3335.0,200.0
-3330.0,200.0
-3325.0,200.0
-3320.0,200.0
-3315.0,200.0
-3310.0,200.0
-3305.0,200.0
-3300.0,200.0
-3295.0,200.0
-3290.0,200.0
-3285.0,200.0
-3280.0,200.0
-3275.0,200.0
-3270.0,200.0
-3265.0,200.0
-3260.0,200.0
-3255.0,200.0
-3250.0,200.0
-3245.0,200.0
-3240.0,200.0
-3235.0,200.0
-3230.0,200.0
-3225.0,200.0
-3220.0,200.0
-3215.0,200.0
-3210.0,200.0
-3205.0,200.0
-3200.0,200.0
-3195.0,200.0
-3190.0,200.0
-3185.0,200.0
-3180.0,200.0
-3175.0,200.0
-3170.0,200.0
-3165.0,200.0
-3160.0,200.0
-3155.0,200.0
-3150.0,200.0
-3145.0,200.0
-3140.0,200.0
-3135.0,200.0
-3130.0,200.0
-3125.0,200.0
-3120.0,200.0
-3115.0,200.0
-3110.0,200.0
-3105.0,200.0
-3100.0,200.0
-3095.0,200.0
-3090.0,200.0
-3085.0,200.0
-3080.0,200.0
-3075.0,200.0
-3070.0,200.0
-3065.0,200.0
-3060.0,200.0
-3055.0,200.0
-3050.0,200.0
-3045.0,200.0
-3040.0,200.0
-3035.0,200.0
-3030.0,200.0
-3025.0,200.0
-3020.0,200.0
-3015.0,200.0
-3010.0,200.0
-3005.0,200.0
-3000.0,200.0
-2995.0,200.0
-2990.0,200.0
-2985.0,200.0
-2980.0,200.0
-2975.0,200.0
-2970.0,200.0
-2965.0,200.0
-2960.0,200.0
-2955.0,200.0
-2950.0,200.0
-2945.0,200.0
-2940.0,200.0
-2935.0,200.0
-2930.0,200.0
-2925.0,200.0
-2920.0,200.0
-2915.0,200.0
-2910.0,200.0
-2905.0,200.0
-2900.0,200.0
-2895.0,200.0
-2890.0,200.0
-2885.0,200.0
-2880.0,200.0
-2875.0,200.0
-2870.0,200.0
-2865.0,200.0
-2860.0,200.0
-2855.0,200.0
-2850.0,200.0
-2845.0,200.0
-2840.0,200.0
-2835.0,200.0
-2830.0,200.0
-2825.0,200.0
-2820.0,200.0
-2815.0,200.0
-2810.0,200.0
-2805.0,200.0
-2800.0,200.0
-2795.0,200.0
-2790.0,200.0
-2785.0,200.0
-2780.0,200.0
-2775.0,200.0
-2770.0,200.0
-2765.0,200.0
-2760.0,200.0
-2755.0,200.0
-2750.0,200.0
-2745.0,200.0
-2740.0,200.0
-2735.0,200.0
-2730.0,200.0
-2725.0,200.0
-2720.0,200.0
-2715.0,200.0
-2710.0,200.0
-2705.0,200.0
-2700.0,200.0
-2695.0,200.0
-2690.0,200.0
-2685.0,200.0
-2680.0,200.0
-2675.0,200.0
-2670.0,200.0
-2665.0,200.0
-2660.0,200.0
-2655.0,200.0
-2650.0,200.0
-2645.0,200.0
-2640.0,200.0
-2635.0,200.0
-2630.0,200.0
-2625.0,200.0
-2620.0,200.0
-2615.0,200.0
-2610.0,200.0
-2605.0,200.0
-2600.0,200.0
-2595.0,200.0
-2590.0,200.0
-2585.0,200.0
-2580.0,200.0
-2575.0,200.0
-2570.0,200.0
-2565.0,200.0
-2560.0,200.0
-2555.0,200.0
-2550.0,200.0
-2545.0,200.0
-2540.0,200.0
-2535.0,200.0
-2530.0,200.0
-2525.0,200.0
-2520.0,200.0
-2515.0,200.0
-2510.0,200.0
-2505.0,200.0
-2500.0,200.0
-2495.0,200.0
-2490.0,200.0
-2485.0,200.0
-2480.0,200.0
-2475.0,200.0
-2470.0,200.0
-2465.0,200.0
-2460.0,200.0
-2455.0,200.0
-2450.0,200.0
-2445.0,200.0
-2440.0,200.0
-2435.0,200.0
-2430.0,200.0
-2425.0,200.0
-2420.0,200.0
-2415.0,200.0
-2410.0,200.0
-2405.0,200.0
-2400.0,200.0
-2395.0,200.0
-2390.0,200.0
-2385.0,200.0
-2380.0,200.0
-2375.0,200.0
-2370.0,200.0
-2365.0,200.0
-2360.0,200.0
-2355.0,200.0
-2350.0,200.0
-2345.0,200.0
-2340.0,200.0
-2335.0,200.0
-2330.0,200.0
-2325.0,200.0
-2320.0,200.0
-2315.0,200.0
-2310.0,200.0
-2305.0,200.0
-2300.0,200.0
-2295.0,200.0
-2290.0,200.0
-2285.0,200.0
-2280.0,200.0
-2275.0,200.0
-2270.0,200.0
-2265.0,200.0
-2260.0,200.0
-2255.0,200.0
-2250.0,200.0
-2245.0,200.0
-2240.0,200.0
-2235.0,200.0
-2230.0,200.0
-2225.0,200.0
-2220.0,200.0
-2215.0,200.0
-2210.0,200.0
-2205.0,200.0
-2200.0,200.0
-2195.0,200.0
-2190.0,200.0
-2185.0,200.0
-2180.0,200.0
-2175.0,200.0
-2170.0,200.0
-2165.0,200.0
-2160.0,200.0
-2155.0,200.0
-2150.0,200.0
-2145.0,200.0
-2140.0,200.0
-2135.0,200.0
-2130.0,200.0
-2125.0,200.0
-2120.0,200.0
-2115.0,200.0
-2110.0,200.0
-2105.0,200.0
-2100.0,200.0
-2095.0,200.0
-2090.0,200.0
-2085.0,200.0
-2080.0,200.0
-2075.0,200.0
-2070.0,200.0
-2065.0,200.0
-2060.0,200.0
-2055.0,200.0
-2050.0,200.0
-2045.0,200.0
-2040.0,200.0
-2035.0,200.0
-2030.0,200.0
-2025.0,200.0
-2020.0,200.0
-2015.0,200.0
-2010.0,200.0
-2005.0,200.0
-2000.0,200.0
-1995.0,200.0
-1990.0,200.0
-1985.0,200.0
-1980.0,200.0
-1975.0,200.0
-1970.0,200.0
-1965.0,200.0
-1960.0,200.0
-1955.0,200.0
-1950.0,200.0
-1945.0,200.0
-1940.0,200.0
-1935.0,200.0
-1930.0,200.0
-1925.0,200.0
-1920.0,200.0
-1915.0,200.0
-1910.0,200.0
-1905.0,200.0
-1900.0,200.0
-1895.0,200.0
-1890.0,200.0
-1885.0,200.0
-1880.0,200.0
-1875.0,200.0
-1870.0,200.0
-1865.0,200.0
-1860.0,200.0
-1855.0,200.0
-1850.0,200.0
-1845.0,200.0
-1840.0,200.0
-1835.0,200.0
-1830.0,200.0
-1825.0,200.0
-1820.0,200.0
-1815.0,200.0
-1810.0,200.0
-1805.0,200.0
-1800.0,200.0
-1795.0,200.0
-1790.0,200.0
-1785.0,200.0
-1780.0,200.0
-1775.0,200.0
-1770.0,200.0
-1765.0,200.0
-1760.0,200.0
-1755.0,200.0
-1750.0,200.0
-1745.0,200.0
-1740.0,200.0
-1735.0,200.0
-1730.0,200.0
-1725.0,200.0
-1720.0,200.0
-1715.0,200.0
-1710.0,200.0
-1705.0,200.0
-1700.0,200.0
-1695.0,200.0
-1690.0,200.0
-1685.0,200.0
-1680.0,200.0
-1675.0,200.0
-1670.0,200.0
-1665.0,200.0
-1660.0,200.0
-1655.0,200.0
-1650.0,200.0
-1645.0,200.0
-1640.0,200.0
-1635.0,200.0
-1630.0,200.0
-1625.0,200.0
-1620.0,200.0
-1615.0,200.0
-1610.0,200.0
-1605.0,200.0
-1600.0,200.0
-1595.0,200.0
-1590.0,200.0
-1585.0,200.0
-1580.0,200.0
-1575.0,200.0
-1570.0,200.0
-1565.0,200.0
-1560.0,200.0
-1555.0,200.0
-1550.0,200.0
-1545.0,200.0
-1540.0,200.0
-1535.0,200.0
-1530.0,200.0
-1525.0,200.0
-1520.0,200.0
-1515.0,200.0
-1510.0,200.0
-1505.0,200.0
-1500.0,200.0
-1495.0,200.0
-1490.0,200.0
-1485.0,200.0
-1480.0,200.0
-1475.0,200.0
-1470.0,200.0
-1465.0,200.0
-1460.0,200.0
-1455.0,200.0
-1450.0,200.0
-1445.0,200.0
-1440.0,200.0
-1435.0,199.999
-1430.0,199.999
-1425.0,199.999
-1420.0,199.999
-1415.0,199.999
-1410.0,199.999
-1405.0,199.999
-1400.0,199.999
-1395.0,199.999
-1390.0,199.999
-1385.0,199.999
-1380.0,199.999
-1375.0,199.999
-1370.0,199.999
-1365.0,199.999
-1360.0,199.999
-1355.0,199.999
-1350.0,199.999
-1345.0,199.999
-1340.0,199.999
-1335.0,199.999
-1330.0,199.999
-1325.0,199.999
-1320.0,199.999
-1315.0,199.999
-1310.0,199.999
-1305.0,199.999
-1300.0,199.999
-1295.0,199.999
-1290.0,199.999
-1285.0,199.999
-1280.0,199.999
-1275.0,199.999
-1270.0,199.999
-1265.0,199.999
-1260.0,199.999
-1255.0,199.999
-1250.0,199.999
-1245.0,199.999
-1240.0,199.999
-1235.0,199.999
-1230.0,199.999
-1225.0,199.999
-1220.0,199.999
-1215.0,199.999
-1210.0,199.999
-1205.0,199.999
-1200.0,199.999
-1195.0,199.999
-1190.0,199.999
-1185.0,199.999
-1180.0,199.998
-1175.0,199.998
-1170.0,199.998
-1165.0,199.998
-1160.0,199.998
-1155.0,199.998
-1150.0,199.998
-1145.0,199.998
-1140.0,199.998
-1135.0,199.998
-1130.0,199.998
-1125.0,199.998
-1120.0,199.998
-1115.0,199.998
-1110.0,199.998
-1105.0,199.998
-1100.0,199.998
-1095.0,199.998
-1090.0,199.998
-1085.0,199.998
-1080.0,199.998
-1075.0,199.998
-1070.0,199.997
-1065.0,199.997
-1060.0,199.997
-1055.0,199.997
-1050.0,199.997
-1045.0,199.997
-1040.0,199.997
-1035.0,199.997
-1030.0,199.997
-1025.0,199.997
-1020.0,199.997
-1015.0,199.997
-1010.0,199.997
-1005.0,199.996
-1000.0,199.996
-995.004,199.996
-990.004,199.996
-985.004,199.996
-980.004,199.996
-975.005,199.996
-970.005,199.996
-965.005,199.996
-960.005,199.996
-955.005,199.995
-950.005,199.995
-945.005,199.995
-940.005,199.995
-935.005,199.995
-930.006,199.995
-925.006,199.995
-920.006,199.994
-915.006,199.994
-910.006,199.994
-905.006,199.994
-900.006,199.994
-895.007,199.994
-890.007,199.994
-885.007,199.993
-880.007,199.993
-875.007,199.993
-870.007,199.993
-865.008,199.993
-860.008,199.992
-855.008,199.992
-850.008,199.992
-845.008,199.992
-840.009,199.991
-835.009,199.991
-830.009,199.991
-825.009,199.991
-820.01,199.99
-815.01,199.99
-810.01,199.99
-805.01,199.99
-800.011,199.989
-795.011,199.989
-790.011,199.989
-785.011,199.988
-780.012,199.988
-775.012,199.988
-770.012,199.987
-765.013,199.987
-760.013,199.986
-755.013,199.986
-750.014,199.986
-745.014,199.985
-740.014,199.985
-735.015,199.984
-730.015,199.984
-725.016,199.983
-720.016,199.983
-715.016,199.982
-710.017,199.982
-705.017,199.981
-700.018,199.98
-695.018,199.98
-690.019,199.979
-685.019,199.979
-680.02,199.978
-675.02,199.977
-670.021,199.977
-665.022,199.976
-660.022,199.975
-655.023,199.974
-650.024,199.973
-645.024,199.973
-640.025,199.972
-635.026,199.971
-630.026,199.97
-625.027,199.969
-620.028,199.968
-615.029,199.967
-610.03,199.966
-605.03,199.965
-600.031,199.964
-595.032,199.963
-590.033,199.961
-585.034,199.96
-580.035,199.959
-575.036,199.958
-570.037,199.956
-565.038,199.955
-560.04,199.953
-555.041,199.952
-550.042,199.95
-545.043,199.949
-540.045,199.947
-535.046,199.946
-530.047,199.944
-525.049,199.942
-520.05,199.94
-515.052,199.938
-510.053,199.936
-505.055,199.934
-500.057,199.932
-495.058,199.93
-490.06,199.928
-485.062,199.926
-480.064,199.923
-475.066,199.921
-470.068,199.919
-465.07,199.916
-460.072,199.914
-455.074,199.911
-450.076,199.908
-445.079,199.905
-440.081,199.903
-435.084,199.9
-430.086,199.897
-425.089,199.894
-420.091,199.89
-415.094,199.887
-410.097,199.884
-405.1,199.88
-400.103,199.877
-395.106,199.873
-390.109,199.87
-385.113,199.866
-380.116,199.863
-375.12,199.859
-370.123,199.855
-365.127,199.851
-360.131,199.847
-355.134,199.843
-350.138,199.839
-345.142,199.835
-340.147,199.83
-335.151,199.826
-330.155,199.822
-325.16,199.817
-320.165,199.813
-315.169,199.808
-310.174,199.804
-305.179,199.799
-300.184,199.795
-295.189,199.79
-290.195,199.785
-285.2,199.781
-280.206,199.776
-275.211,199.772
-270.217,199.767
-265.223,199.762
-260.229,199.758
-255.235,199.753
-250.241,199.748
-245.248,199.744
-240.254,199.739
-235.261,199.735
-230.267,199.731
-225.274,199.726
-220.281,199.722
-215.288,199.718
-210.295,199.714
-205.302,199.709
-200.31,199.706
-195.317,199.702
-190.325,199.698
-185.332,199.694
-180.34,199.691
-175.348,199.687
-170.356,199.684
-165.363,199.681
-160.371,199.677
-155.38,199.674
-150.388,199.672
-145.396,199.669
-140.404,199.666
-135.413,199.664
-130.421,199.661
-125.43,199.659
-120.438,199.657
-115.447,199.655
-110.455,199.653
-105.464,199.652
-100.473,199.65
-95.4816,199.649
-90.4904,199.647
-85.4992,199.646
-80.5081,199.645
-75.517,199.644
-70.5259,199.643
-65.5348,199.642
-60.5437,199.642
-55.5527,199.641
-50.5617,199.641
-45.5707,199.64
-40.5797,199.64
-35.5887,199.639
-30.5977,199.639
-25.6067,199.639
-20.6157,199.639
-15.6248,199.639
-10.6338,199.639
-5.64284,199.639
-0.651878,199.639
4.33909,199.639
9.33005,199.639
14.321,199.639
19.312,199.639
24.303,199.639
29.2939,199.639
34.2849,199.639
39.2759,199.639
44.2668,199.639
49.2578,199.639
54.2488,199.639
59.2398,199.639
64.2308,199.639
69.2217,199.639
74.2127,199.639
79.2037,199.639
84.1947,199.639
89.1857,199.639
94.1766,199.639
99.1676,199.639
104.159,199.639
109.15,199.639
114.141,199.639
119.132,199.639
124.123,199.639
129.113,199.639
134.104,199.639
139.095,199.64
144.086,199.64
149.077,199.64
154.068,199.64
159.059,199.64
164.05,199.641
169.041,199.641
174.033,199.642
179.024,199.642
184.015,199.643
189.006,199.643
193.997,199.644
198.988,199.645
203.979,199.645
208.97,199.646
213.961,199.647
218.953,199.648
223.944,199.65
228.935,199.651
233.926,199.652
238.918,199.653
243.909,199.655
248.9,199.656
253.892,199.658
258.883,199.66
263.875,199.661
268.866,199.663
273.858,199.665
278.85,199.667
283.841,199.669
288.833,199.671
293.825,199.673
298.817,199.675
303.809,199.678
308.801,199.68
313.793,199.682
318.785,199.685
323.777,199.687
328.769,199.69
333.761,199.692
338.754,199.695
343.746,199.698
348.739,199.7
353.731,199.703
358.724,199.706
363.716,199.709
368.709,199.711
373.702,199.714
378.695,199.717
383.688,199.72
388.681,199.722
393.674,199.725
398.667,199.728
403.66,199.731
408.654,199.734
413.647,199.737
418.64,199.739
423.634,199.742
428.628,199.745
433.621,199.748
438.615,199.75
443.609,199.753
448.603,199.756
453.597,199.758
458.591,199.761
463.585,199.764
468.579,199.766
473.573,199.769
478.567,199.772
483.562,199.774
488.556,199.777
493.55,199.779
498.545,199.781
503.539,199.784
508.534,199.786
513.529,199.789
518.523,199.791
523.518,199.793
528.513,199.795
533.508,199.798
538.503,199.8
543.498,199.802
548.493,199.804
553.488,199.806
558.483,199.808
563.479,199.81
568.474,199.812
573.469,199.814
578.465,199.816
583.46,199.818
588.456,199.82
593.451,199.821
598.447,199.823
603.442,199.825
608.438,199.827
613.434,199.828
618.429,199.83
623.425,199.832
628.421,199.833
633.417,199.835
638.413,199.836
643.408,199.838
648.404,199.839
653.4,199.841
658.396,199.842
663.393,199.843
668.389,199.845
673.385,199.846
678.381,199.847
683.377,199.848
688.373,199.85
693.37,199.851
698.366,199.852
703.362,199.853
708.359,199.854
713.355,199.855
718.351,199.857
723.348,199.858
728.344,199.859
733.341,199.86
738.337,199.861
743.334,199.862
748.33,199.863
753.327,199.863
758.323,199.864
763.32,199.865
768.317,199.866
773.313,199.867
778.31,199.868
783.307,199.869
788.303,199.869
793.3,199.87
798.297,199.871
803.294,199.872
808.291,199.872
813.287,199.873
818.284,199.874
823.281,199.875
828.278,199.875
833.275,199.876
838.272,199.877
843.269,199.877
848.266,199.878
853.263,199.878
858.26,199.879
863.257,199.88
868.254,199.88
873.251,199.881
878.248,199.881
883.245,199.882
888.242,199.882
893.239,199.883
898.236,199.883
903.233,199.884
908.23,199.884
913.227,199.885
918.224,199.885
923.221,199.886
928.218,199.886
933.216,199.886
938.213,199.887
943.21,199.887
948.207,199.888
953.204,199.888
958.202,199.888
963.199,199.889
968.196,199.889
973.193,199.89
978.19,199.89
983.188,199.89
988.185,199.891
993.182,199.891
998.18,199.891
1003.18,199.892
1008.17,199.892
1013.17,199.892
1018.17,199.893
1023.17,199.893
1028.16,199.893
1033.16,199.893
1038.16,199.894
1043.16,199.894
1048.15,199.894
1053.15,199.894
1058.15,199.895
1063.14,199.895
1068.14,199.895
1073.14,199.895
1078.14,199.896
1083.13,199.896
1088.13,199.896
1093.13,199.896
1098.13,199.897
1103.12,199.897
1108.12,199.897
1113.12,199.897
1118.12,199.897
1123.11,199.898
1128.11,199.898
1133.11,199.898
1138.11,199.898
1143.1,199.898
1148.1,199.899
1153.1,199.899
1158.1,199.899
1163.09,199.899
1168.09,199.899
1173.09,199.899
1178.09,199.9
1183.08,199.9
1188.08,199.9
1193.08,199.9
1198.08,199.9
1203.07,199.9
1208.07,199.9
1213.07,199.901
1218.07,199.901
1223.06,199.901
1228.06,199.901
1233.06,199.901
1238.06,199.901
1243.05,199.901
1248.05,199.902
1253.05,199.902
1258.05,199.902
1263.04,199.902
1268.04,199.902
1273.04,199.902
1278.04,199.902
1283.03,199.902
1288.03,199.902
1293.03,199.903
1298.03,199.903
1303.02,199.903
1308.02,199.903
1313.02,199.903
1318.02,199.903
1323.01,199.903
1328.01,199.903
1333.01,199.903
1338.01,199.903
1343.0,199.904
1348.0,199.904
1353.0,199.904
1358.0,199.904
1363.0,199.904
1367.99,199.904
1372.99,199.904
1377.99,199.904
1382.99,199.904
1387.98,199.904
1392.98,199.904
1397.98,199.904
1402.98,199.905
1407.97,199.905
1412.97,199.905
1417.97,199.905
1422.97,199.905
1427.96,199.905
1432.96,199.905
1437.96,199.905
1442.96,199.905
1447.95,199.905
1452.95,199.905
1457.95,199.905
1462.95,199.905
1467.95,199.905
1472.94,199.905
1477.94,199.905
1482.94,199.906
1487.94,199.906
1492.93,199.906
1497.93,199.906
1502.93,199.906
1507.93,199.906
1512.92,199.906
1517.92,199.906
1522.92,199.906
1527.92,199.906
1532.91,199.906
1537.91,199.906
1542.91,199.906
1547.91,199.906
1552.91,199.906
1557.9,199.906
1562.9,199.906
1567.9,199.906
1572.9,199.906
1577.89,199.906
1582.89,199.906
1587.89,199.907
1592.89,199.907
1597.88,199.907
1602.88,199.907
1607.88,199.907
1612.88,199.907
1617.87,199.907
1622.87,199.907
1627.87,199.907
1632.87,199.907
1637.87,199.907
1642.86,199.907
1647.86,199.907
1652.86,199.907
1657.86,199.907
1662.85,199.907
1667.85,199.907
1672.85,199.907
1677.85,199.907
1682.84,199.907
1687.84,199.907
1692.84,199.907
1697.84,199.907
1702.84,199.907
1707.83,199.907
1712.83,199.907
1717.83,199.907
1722.83,199.907
1727.82,199.907
1732.82,199.907
1737.82,199.908
1742.82,199.908
1747.81,199.908
1752.81,199.908
1757.81,199.908
1762.81,199.908
1767.81,199.908
1772.8,199.908
1777.8,199.908
1782.8,199.908
1787.8,199.908
1792.79,199.908
1797.79,199.908
1802.79,199.908
1807.79,199.908
1812.78,199.908
1817.78,199.908
1822.78,199.908
1827.78,199.908
1832.78,199.908
1837.77,199.908
1842.77,199.908
1847.77,199.908
1852.77,199.908
1857.76,199.908
1862.76,199.908
1867.76,199.908
1872.76,199.908
1877.75,199.908
1882.75,199.908
1887.75,199.908
1892.75,199.908
1897.75,199.908
1902.74,199.908
1907.74,199.908
1912.74,199.908
1917.74,199.908
1922.73,199.908
1927.73,199.908
1932.73,199.908
1937.73,199.908
1942.72,199.908
1947.72,199.908
1952.72,199.908
1957.72,199.908
1962.72,199.908
1967.71,199.908
1972.71,199.908
1977.71,199.908
1982.71,199.908
1987.7,199.908
1992.7,199.908
1997.7,199.908
2002.7,199.908
2007.69,199.909
2012.69,199.909
2017.69,199.909
2022.69,199.909
2027.69,199.909
2032.68,199.909
2037.68,199.909
2042.68,199.909
2047.68,199.909
2052.67,199.909
2057.67,199.909
2062.67,199.909
2067.67,199.909
2072.67,199.909
2077.66,199.909
2082.66,199.909
2087.66,199.909
2092.66,199.909
2097.65,199.909
2102.65,199.909
2107.65,199.909
2112.65,199.909
2117.64,199.909
2122.64,199.909
2127.64,199.909
2132.64,199.909
2137.64,199.909
2142.63,199.909
2147.63,199.909
2152.63,199.909
2157.63,199.909
2162.62,199.909
2167.62,199.909
2172.62,199.909
2177.62,199.909
2182.62,199.909
2187.61,199.909
2192.61,199.909
2197.61,199.909
2202.61,199.909
2207.6,199.909
2212.6,199.909
2217.6,199.909
2222.6,199.909
2227.59,199.909
2232.59,199.909
2237.59,199.909
2242.59,199.909
2247.59,199.909
2252.58,199.909
2257.58,199.909
2262.58,199.909
2267.58,199.909
2272.57,199.909
2277.57,199.909
2282.57,199.909
2287.57,199.909
2292.56,199.909
2297.56,199.909
2302.56,199.909
2307.56,199.909
2312.56,199.909
2317.55,199.909
2322.55,199.909
2327.55,199.909
2332.55,199.909
2337.54,199.909
2342.54,199.909
2347.54,199.909
2352.54,199.909
2357.54,199.909
2362.53,199.909
2367.53,199.909
2372.53,199.909
2377.53,199.909
2382.52,199.909
2387.52,199.909
2392.52,199.909
2397.52,199.909
2402.51,199.909
2407.51,199.909
2412.51,199.909
2417.51,199.909
2422.51,199.909
2427.5,199.909
2432.5,199.909
2437.5,199.909
2442.5,199.909
2447.49,199.909
2452.49,199.909
2457.49,199.909
2462.49,199.909
2467.49,199.909
2472.48,199.909
2477.48,199.909
2482.48,199.909
2487.48,199.909
2492.47,199.909
2497.47,199.909
2502.47,199.909
2507.47,199.909
2512.47,199.909
2517.46,199.909
2522.46,199.909
2527.46,199.909
2532.46,199.909
2537.45,199.909
2542.45,199.909
2547.45,199.909
2552.45,199.909
2557.44,199.909
2562.44,199.909
2567.44,199.909
2572.44,199.909
2577.44,199.909
2582.43,199.909
2587.43,199.909
2592.43,199.909
2597.43,199.909
2602.42,199.909
2607.42,199.909
2612.42,199.909
2617.42,199.909
2622.42,199.909
2627.41,199.909
2632.41,199.909
2637.41,199.909
2642.41,199.909
2647.4,199.909
2652.4,199.909
2657.4,199.909
2662.4,199.909
2667.39,199.909
2672.39,199.909
2677.39,199.909
2682.39,199.909
2687.39,199.909
2692.38,199.909
2697.38,199.909
2702.38,199.909
2707.38,199.909
2712.37,199.909
2717.37,199.909
2722.37,199.909
2727.37,199.909
2732.37,199.909
2737.36,199.909
2742.36,199.909
2747.36,199.909
2752.36,199.909
2757.35,199.909
2762.35,199.909
2767.35,199.909
2772.35,199.909
2777.34,199.909
2782.34,199.909
2787.34,199.909
2792.34,199.909
2797.34,199.909
2802.33,199.909
2807.33,199.909
2812.33,199.909
2817.33,199.909
2822.32,199.909
2827.32,199.909
2832.32,199.909
2837.32,199.909
2842.32,199.909
2847.31,199.909
2852.31,199.909
2857.31,199.909
2862.31,199.91
2867.3,199.91
2872.3,199.91
2877.3,199.91
2882.3,199.91
2887.3,199.91
2892.29,199.91
2897.29,199.91
2902.29,199.91
2907.29,199.91
2912.28,199.91
2917.28,199.91
2922.28,199.91
2927.28,199.91
2932.27,199.91
2937.27,199.91
2942.27,199.91
2947.27,199.91
2952.27,199.91
2957.26,199.91
2962.26,199.91
2967.26,199.91
2972.26,199.91
2977.25,199.91
2982.25,199.91
2987.25,199.91
2992.25,199.91
2997.25,199.91
3002.24,199.91
3007.24,199.91
3012.24,199.91
3017.24,199.91
3022.23,199.91
3027.23,199.91
3032.23,199.91
3037.23,199.91
3042.23,199.91
3047.22,199.91
3052.22,199.91
3057.22,199.91
3062.22,199.91
3067.21,199.91
3072.21,199.91
3077.21,199.91
3082.21,199.91
3087.2,199.91
3092.2,199.91
3097.2,199.91
3102.2,199.91
3107.2,199.91
3112.19,199.91
3117.19,199.91
3122.19,199.91
3127.19,199.91
3132.18,199.91
3137.18,199.91
3142.18,199.91
3147.18,199.91
3152.18,199.91
3157.17,199.91
3162.17,199.91
3167.17,199.91
3172.17,199.91
3177.16,199.91
3182.16,199.91
3187.16,199.91
3192.16,199.91
3197.16,199.91
3202.15,199.91
3207.15,199.91
3212.15,199.91
3217.15,199.91
3222.14,199.91
3227.14,199.91
3232.14,199.91
3237.14,199.91
3242.13,199.91
3247.13,199.91
3252.13,199.91
3257.13,199.91
3262.13,199.91
3267.12,199.91
3272.12,199.91
3277.12,199.91
3282.12,199.91
3287.11,199.91
3292.11,199.91
3297.11,199.91
3302.11,199.91
3307.11,199.91
3312.1,199.91
3317.1,199.91
3322.1,199.91
3327.1,199.91
3332.09,199.91
3337.09,199.91
3342.09,199.91
3347.09,199.91
3352.08,199.91
3357.08,199.91
3362.08,199.91
3367.08,199.91
3372.08,199.91
3377.07,199.91
3382.07,199.91
3387.07,199.91
3392.07,199.91
3397.06,199.91
3402.06,199.91
3407.06,199.91
3412.06,199.91
3417.06,199.91
3422.05,199.91
3427.05,199.91
3432.05,199.91
3437.05,199.91
3442.04,199.91
3447.04,199.91
3452.04,199.91
3457.04,199.91
3462.04,199.91
3467.03,199.91
3472.03,199.91
3477.03,199.91
3482.03,199.91
3487.02,199.91
3492.02,199.91
3497.02,199.91
3502.02,199.91
3507.01,199.91
3512.01,199.91
3517.01,199.91
3522.01,199.91
3527.01,199.91
3532.0,199.91
3537.0,199.91
3542.0,199.91
3547.0,199.91
3551.99,199.91
3556.99,199.91
3561.99,199.91
3566.99,199.91
3571.99,199.91
3576.98,199.91
3581.98,199.91
3586.98,199.91
3591.98,199.91
3596.97,199.91
3601.97,199.91
3606.97,199.91
3611.97,199.91
3616.97,199.91
3621.96,199.91
3626.96,199.91
3631.96,199.91
3636.96,199.91
3641.95,199.91
3646.95,199.91
3651.95,199.91
3656.95,199.91
3661.94,199.91
3666.94,199.91
3671.94,199.91
3676.94,199.91
3681.94,199.91
3686.93,199.91
3691.93,199.91
3696.93,199.91
3701.93,199.91
3706.92,199.91
3711.92,199.91
3716.92,199.91
3721.92,199.91
3726.92,199.91
3731.91,199.91
3736.91,199.91
3741.91,199.91
3746.91,199.91
3751.9,199.91
3756.9,199.91
3761.9,199.91
3766.9,199.91
3771.9,199.91
3776.89,199.91
3781.89,199.91
3786.89,199.91
3791.89,199.91
3796.88,199.91
3801.88,199.91
3806.88,199.91
3811.88,199.91
3816.88,199.91
3821.87,199.91
3826.87,199.91
3831.87,199.91
3836.87,199.91
3841.86,199.91
3846.86,199.91
3851.86,199.91
3856.86,199.91
3861.85,199.91
3866.85,199.91
3871.85,199.91
3876.85,199.91
3881.85,199.91
3886.84,199.91
3891.84,199.91
3896.84,199.91
3901.84,199.91
3906.83,199.91
3911.83,199.91
3916.83,199.91
3921.83,199.91
3926.83,199.91
3931.82,199.91
3936.82,199.91
3941.82,199.91
3946.82,199.91
3951.81,199.91
3956.81,199.91
3961.81,199.91
3966.81,199.91
3971.81,199.91
3976.8,199.91
3981.8,199.91
3986.8,199.91
3991.8,199.91
3996.79,199.91
4001.79,199.91
4006.79,199.91
4011.79,199.91
4016.78,199.91
4021.78,199.91
4026.78,199.91
4031.78,199.91
4036.78,199.91
4041.77,199.91
4046.77,199.91
4051.77,199.91
4056.77,199.91
4061.76,199.91
4066.76,199.91
4071.76,199.91
4076.76,199.91
4081.76,199.91
4086.75,199.91
4091.75,199.91
4096.75,199.91
4101.75,199.91
4106.74,199.91
4111.74,199.91
4116.74,199.91
4121.74,199.91
4126.74,199.91
4131.73,199.91
4136.73,199.91
4141.73,199.91
4146.73,199.91
4151.72,199.91
4156.72,199.91
4161.72,199.91
4166.72,199.91
4171.71,199.91
4176.71,199.91
4181.71,199.91
4186.71,199.91
4191.71,199.91
4196.7,199.91
4201.7,199.91
4206.7,199.91
4211.7,199.91
4216.69,199.91
4221.69,199.91
4226.69,199.91
4231.69,199.91
4236.69,199.91
4241.68,199.91
4246.68,199.91
4251.68,199.91
4256.68,199.91
4261.67,199.91
4266.67,199.91
4271.67,199.91
4276.67,199.91
4281.67,199.91
4286.66,199.91
4291.66,199.91
4296.66,199.91
4301.66,199.91
4306.65,199.91
4311.65,199.91
4316.65,199.91
4321.65,199.91
4326.64,199.91
4331.64,199.91
4336.64,199.91
4341.64,199.91
4346.64,199.91
4351.63,199.91
4356.63,199.91
4361.63,199.91
4366.63,199.91
4371.62,199.91
4376.62,199.91
4381.62,199.91
4386.62,199.91
4391.62,199.91
4396.61,199.91
4401.61,199.91
4406.61,199.91
4411.61,199.91
4416.6,199.91
4421.6,199.91
4426.6,199.91
4431.6,199.91
4436.6,199.91
4441.59,199.91
4446.59,199.91
4451.59,199.91
4456.59,199.91
4461.58,199.91
4466.58,199.91
4471.58,199.91
4476.58,199.91
4481.57,199.91
4486.57,199.91
4491.57,199.91
4496.57,199.91
4501.57,199.91
4506.56,199.91
4511.56,199.91
4516.56,199.91
4521.56,199.91
4526.55,199.91
4531.55,199.91
4536.55,199.91
4541.55,199.91
4546.55,199.91
4551.54,199.91
4556.54,199.91
4561.54,199.91
4566.54,199.91
4571.53,199.91
4576.53,199.91
4581.53,199.91
4586.53,199.91
4591.53,199.91
4596.52,199.91
4601.52,199.91
4606.52,199.91
4611.52,199.91
4616.51,199.91
4621.51,199.91
4626.51,199.91
4631.51,199.91
4636.5,199.91
4641.5,199.91
4646.5,199.91
4651.5,199.91
4656.5,199.91
4661.49,199.91
4666.49,199.91
4671.49,199.91
4676.49,199.91
4681.48,199.91
4686.48,199.91
4691.48,199.91
4696.48,199.91
4701.48,199.91
4706.47,199.91
4711.47,199.91
4716.47,199.91
4721.47,199.91
4726.46,199.91
4731.46,199.91
4736.46,199.91
4741.46,199.91
4746.46,199.91
4751.45,199.91
4756.45,199.91
4761.45,199.91
4766.45,199.91
4771.44,199.91
4776.44,199.91
4781.44,199.91
4786.44,199.91
4791.44,199.91
4796.43,199.91
4801.43,199.91
4806.43,199.91
4811.43,199.91
4816.42,199.91
4821.42,199.91
4826.42,199.91
4831.42,199.91
4836.41,199.91
4841.41,199.91
4846.41,199.91
4851.41,199.91
4856.41,199.91
4861.4,199.91
4866.4,199.91
4871.4,199.91
4876.4,199.91
4881.39,199.91
4886.39,199.91
4891.39,199.91
4896.39,199.91
4901.39,199.91
4906.38,199.91
4911.38,199.91
4916.38,199.91
4921.38,199.91
4926.37,199.91
4931.37,199.91
4936.37,199.91
4941.37,199.91
4946.37,199.91
4951.36,199.91
4956.36,199.91
4961.36,199.91
4966.36,199.91
4971.35,199.91
4976.35,199.91
4981.35,199.91
4986.35,199.91
4991.34,199.91
4996.34,199.91
5001.34,199.91
5006.34,199.91
5011.34,199.91
5016.33,199.91
5021.33,199.91
5026.33,199.91
5031.33,199.91
5036.32,199.91
5041.32,199.91
5046.32,199.91
5051.32,199.91
5056.32,199.91
5061.31,199.91
5066.31,199.91
5071.31,199.91
5076.31,199.91
5081.3,199.91
5086.3,199.91
5091.3,199.91
5096.3,199.91
5101.3,199.91
5106.29,199.91
5111.29,199.91
5116.29,199.91
5121.29,199.91
5126.28,199.91
5131.28,199.91
5136.28,199.91
5141.28,199.91
5146.27,199.91
5151.27,199.91
5156.27,199.91
5161.27,199.91
5166.27,199.91
5171.26,199.91
5176.26,199.91
5181.26,199.91
5186.26,199.91
5191.25,199.91
5196.25,199.91
5201.25,199.91
5206.25,199.91
5211.25,199.91
5216.24,199.91
5221.24,199.91
5226.24,199.91
5231.24,199.91
5236.23,199.91
5241.23,199.91
5246.23,199.91
5251.23,199.91
5256.23,199.91
5261.22,199.91
5266.22,199.91
5271.22,199.91
5276.22,199.91
5281.21,199.91
5286.21,199.91
5291.21,199.91
5296.21,199.91
5301.2,199.91
5306.2,199.91
5311.2,199.91
5316.2,199.91
5321.2,199.91
5326.19,199.91
5331.19,199.91
5336.19,199.91
5341.19,199.91
5346.18,199.91
5351.18,199.91
5356.18,199.91
5361.18,199.91
5366.18,199.91
5371.17,199.91
5376.17,199.91
5381.17,199.91
5386.17,199.91
5391.16,199.91
5396.16,199.91
5401.16,199.91
5406.16,199.91
5411.16,199.91
5416.15,199.91
5421.15,199.91
5426.15,199.91
5431.15,199.91
5436.14,199.91
5441.14,199.91
5446.14,199.91
5451.14,199.91
5456.14,199.91
5461.13,199.91
5466.13,199.91
5471.13,199.91
5476.13,199.91
5481.12,199.91
5486.12,199.91
5491.12,199.91
5496.12,199.91
5501.11,199.91
5506.11,199.91
5511.11,199.91
5516.11,199.91
5521.11,199.91
5526.1,199.91
5531.1,199.91
5536.1,199.91
5541.1,199.91
5546.09,199.91
5551.09,199.91
5556.09,199.91
5561.09,199.91
5566.09,199.91
5571.08,199.91
5576.08,199.91
5581.08,199.91
5586.08,199.91
5591.07,199.91
5596.07,199.91
5601.07,199.91
5606.07,199.91
5611.07,199.91
5616.06,199.91
5621.06,199.91
5626.06,199.91
5631.06,199.91
5636.05,199.91
5641.05,199.91
5646.05,199.91
5651.05,199.91
5656.04,199.91
5661.04,199.91
5666.04,199.91
5671.04,199.91
5676.04,199.91
5681.03,199.91
5686.03,199.91
5691.03,199.91
5696.03,199.91
5701.02,199.91
5706.02,199.91
5711.02,199.91
5716.02,199.91
5721.02,199.91
5726.01,199.91
5731.01,199.91
5736.01,199.91
5741.01,199.91
5746.0,199.91
5751.0,199.91
5756.0,199.91
5761.0,199.91
5766.0,199.91
5770.99,199.91
5775.99,199.91
5780.99,199.91
5785.99,199.91
5790.98,199.91
5795.98,199.91
5800.98,199.91
5805.98,199.91
5810.97,199.91
5815.97,199.91
5820.97,199.91
5825.97,199.91
5830.97,199.91
5835.96,199.91
5840.96,199.91
5845.96,199.91
5850.96,199.91
5855.95,199.91
5860.95,199.91
5865.95,199.91
5870.95,199.91
5875.95,199.91
5880.94,199.91
5885.94,199.91
5890.94,199.91
5895.94,199.91
5900.93,199.91
5905.93,199.91
5910.93,199.91
5915.93,199.91
5920.93,199.91
5925.92,199.91
5930.92,199.91
5935.92,199.91
5940.92,199.91
5945.91,199.91
5950.91,199.91
5955.91,199.91
5960.91,199.91
5965.91,199.91
5970.9,199.91
5975.9,199.91
5980.9,199.91
5985.9,199.91
5990.89,199.91
5995.89,199.91
6000.89,199.91
6005.89,199.91
6010.88,199.91
6015.88,199.91
6020.88,199.91
6025.88,199.91
6030.88,199.91
6035.87,199.91
6040.87,199.91
6045.87,199.91
6050.87,199.91
6055.86,199.91
6060.86,199.91
6065.86,199.91
6070.86,199.91
6075.86,199.91
6080.85,199.91
6085.85,199.91
6090.85,199.91
6095.85,199.91
6100.84,199.91
6105.84,199.91
6110.84,199.91
6115.84,199.91
6120.84,199.91
6125.83,199.91
6130.83,199.91
6135.83,199.91
6140.83,199.91
6145.82,199.91
6150.82,199.91
6155.82,199.91
6160.82,199.91
6165.81,199.91
6170.81,199.91
6175.81,199.91
6180.81,199.91
6185.81,199.91
6190.8,199.91
6195.8,199.91
6200.8,199.91
6205.8,199.91
6210.79,199.91
6215.79,199.91
6220.79,199.91
6225.79,199.91
6230.79,199.91
6235.78,199.91
6240.78,199.91
6245.78,199.91
6250.78,199.91
6255.77,199.91
6260.77,199.91
6265.77,199.91
6270.77,199.91
6275.77,199.91
6280.76,199.91
6285.76,199.91
6290.76,199.91
6295.76,199.91
6300.75,199.91
6305.75,199.91
6310.75,199.91
6315.75,199.91
6320.74,199.91
6325.74,199.91
6330.74,199.91
6335.74,199.91
6340.74,199.91
6345.73,199.91
6350.73,199.91
6355.73,199.91
6360.73,199.91
6365.72,199.91
6370.72,199.91
6375.72,199.91
6380.72,199.91
6385.72,199.91
6390.71,199.91
6395.71,199.91
6400.71,199.91
6405.71,199.91
6410.7,199.91
6415.7,199.91
6420.7,199.91
6425.7,199.91
6430.7,199.91
6435.69,199.91
6440.69,199.91
6445.69,199.91
6450.69,199.91
6455.68,199.91
6460.68,199.91
6465.68,199.91
6470.68,199.91
6475.67,199.91
6480.67,199.91
6485.67,199.91
6490.67,199.91
6495.67,199.91
6500.66,199.91
6505.66,199.91
6510.66,199.91
6515.66,199.91
6520.65,199.91
6525.65,199.91
6530.65,199.91
6535.65,199.91
6540.65,199.91
6545.64,199.91
6550.64,199.91
6555.64,199.91
6560.64,199.91
6565.63,199.91
6570.63,199.91
6575.63,199.91
6580.63,199.91
6585.63,199.91
6590.62,199.91
6595.62,199.91
6600.62,199.91
6605.62,199.91
6610.61,199.91
6615.61,199.91
6620.61,199.91
6625.61,199.91
6630.61,199.91
6635.6,199.91
6640.6,199.91
6645.6,199.91
6650.6,199.91
6655.59,199.91
6660.59,199.91
6665.59,199.91
6670.59,199.91
6675.58,199.91
6680.58,199.91
6685.58,199.91
6690.58,199.91
6695.58,199.91
6700.57,199.91
6705.57,199.91
6710.57,199.91
6715.57,199.91
6720.56,199.91
6725.56,199.91
6730.56,199.91
6735.56,199.91
6740.56,199.91
6745.55,199.91
6750.55,199.91
6755.55,199.91
6760.55,199.91
6765.54,199.91
6770.54,199.91
6775.54,199.91
6780.54,199.91
6785.54,199.91
6790.53,199.91
6795.53,199.91
6800.53,199.91
6805.53,199.91
6810.52,199.91
6815.52,199.91
6820.52,199.91
6825.52,199.91
6830.51,199.91
6835.51,199.91
6840.51,199.91
6845.51,199.91
6850.51,199.91
6855.5,199.91
6860.5,199.91
6865.5,199.91
6870.5,199.91
6875.49,199.91
6880.49,199.91
6885.49,199.91
6890.49,199.91
6895.49,199.91
6900.48,199.91
6905.48,199.91
6910.48,199.91
6915.48,199.91
6920.47,199.91
6925.47,199.91
6930.47,199.91
6935.47,199.91
6940.47,199.91
6945.46,199.91
6950.46,199.91
6955.46,199.91
6960.46,199.91
6965.45,199.91
6970.45,199.91
6975.45,199.91
6980.45,199.91
6985.44,199.91
6990.44,199.91
6995.44,199.91
7000.44,199.91
7005.44,199.91
7010.43,199.91
7015.43,199.91
7020.43,199.91
7025.43,199.91
7030.42,199.91
7035.42,199.91
7040.42,199.91
7045.42,199.91
7050.42,199.91
7055.41,199.91
7060.41,199.91
7065.41,199.91
7070.41,199.91
7075.4,199.91
7080.4,199.91
7085.4,199.91
7090.4,199.91
7095.4,199.91
7100.39,199.91
7105.39,199.91
7110.39,199.91
7115.39,199.91
7120.38,199.91
7125.38,199.91
7130.38,199.91
7135.38,199.91
7140.37,199.91
7145.37,199.91
7150.37,199.91
7155.37,199.91
7160.37,199.91
7165.36,199.91
7170.36,199.91
7175.36,199.91
7180.36,199.91
7185.35,199.91
7190.35,199.91
7195.35,199.91
7200.35,199.91
7205.35,199.91
7210.34,199.91
7215.34,199.91
7220.34,199.91
7225.34,199.91
7230.33,199.91
7235.33,199.91
7240.33,199.91
7245.33,199.91
7250.33,199.91
7255.32,199.91
7260.32,199.91
7265.32,199.91
7270.32,199.91
7275.31,199.91
7280.31,199.91
7285.31,199.91
7290.31,199.91
7295.31,199.91
7300.3,199.91
7305.3,199.91
7310.3,199.91
7315.3,199.91
7320.29,199.91
7325.29,199.91
7330.29,199.91
7335.29,199.91
7340.28,199.91
7345.28,199.91
7350.28,199.91
7355.28,199.91
7360.28,199.91
7365.27,199.91
7370.27,199.91
7375.27,199.91
7380.27,199.91
7385.26,199.91
7390.26,199.91
7395.26,199.91
7400.26,199.91
7405.26,199.91
7410.25,199.91
7415.25,199.91
7420.25,199.91
7425.25,199.91
7430.24,199.91
7435.24,199.91
7440.24,199.91
7445.24,199.91
7450.24,199.91
7455.23,199.91
7460.23,199.91
7465.23,199.91
7470.23,199.91
7475.22,199.91
7480.22,199.91
7485.22,199.91
7490.22,199.91
7495.21,199.91
7500.21,199.91
7505.21,199.91
7510.21,199.91
7515.21,199.91
7520.2,199.91
7525.2,199.91
7530.2,199.91
7535.2,199.91
7540.19,199.91
7545.19,199.91
7550.19,199.91
7555.19,199.91
7560.19,199.91
7565.18,199.91
7570.18,199.91
7575.18,199.91
7580.18,199.91
7585.17,199.91
7590.17,199.91
7595.17,199.91
7600.17,199.91
7605.17,199.91
7610.16,199.91
7615.16,199.91
7620.16,199.91
7625.16,199.91
7630.15,199.91
7635.15,199.91
7640.15,199.91
7645.15,199.91
7650.14,199.91
7655.14,199.91
7660.14,199.91
7665.14,199.91
7670.14,199.91
7675.13,199.91
7680.13,199.91
7685.13,199.91
7690.13,199.91
7695.12,199.91
7700.12,199.91
7705.12,199.91
7710.12,199.91
7715.12,199.91
7720.11,199.91
7725.11,199.91
7730.11,199.91
7735.11,199.91
7740.1,199.91
7745.1,199.91
7750.1,199.91
7755.1,199.91
7760.1,199.91
7765.09,199.91
7770.09,199.91
7775.09,199.91
7780.09,199.91
7785.08,199.91
7790.08,199.91
7795.08,199.91
7800.08,199.91
7805.08,199.91
7810.07,199.91
7815.07,199.91
7820.07,199.91
7825.07,199.91
7830.06,199.91
7835.06,199.91
7840.06,199.91
7845.06,199.91
7850.05,199.91
7855.05,199.91
7860.05,199.91
7865.05,199.91
7870.05,199.91
7875.04,199.91
7880.04,199.91
7885.04,199.91
7890.04,199.91
7895.03,199.91
7900.03,199.91
7905.03,199.91
7910.03,199.91
7915.03,199.91
7920.02,199.91
7925.02,199.91
7930.02,199.91
7935.02,199.91
7940.01,199.91
7945.01,199.91
7950.01,199.91
7955.01,199.91
7960.01,199.91
7965.0,199.91
7970.0,199.91
7975.0,199.91
7980.0,199.91
7984.99,199.91
7989.99,199.91
7994.99,199.91
7999.99,199.91
8004.98,199.91
8009.98,199.91
8014.98,199.91
8019.98,199.91
8024.98,199.91
8029.97,199.91
8034.97,199.91
8039.97,199.91
8044.97,199.91
8049.96,199.91
8054.96,199.91
8059.96,199.91
8064.96,199.91
8069.96,199.91
8074.95,199.91
8079.95,199.91
8084.95,199.91
8089.95,199.91
8094.94,199.91
8099.94,199.91
8104.94,199.91
8109.94,199.91
8114.94,199.91
8119.93,199.91
8124.93,199.91
8129.93,199.91
8134.93,199.91
8139.92,199.91
8144.92,199.91
8149.92,199.91
8154.92,199.91
8159.91,199.91
8164.91,199.91
8169.91,199.91
8174.91,199.91
8179.91,199.91
8184.9,199.91
8189.9,199.91
8194.9,199.91
8199.9,199.91
8204.89,199.91
8209.89,199.91
8214.89,199.91
8219.89,199.91
8224.89,199.91
8229.88,199.91
8234.88,199.91
8239.88,199.91
8244.88,199.91
8249.87,199.91
8254.87,199.91
8259.87,199.91
8264.87,199.91
8269.87,199.91
8274.86,199.91
8279.86,199.91
8284.86,199.91
8289.86,199.91
8294.85,199.91
8299.85,199.91
8304.85,199.91
8309.85,199.91
8314.84,199.91
8319.84,199.91
8324.84,199.91
8329.84,199.91
8334.84,199.91
8339.83,199.91
8344.83,199.91
8349.83,199.91
8354.83,199.91
8359.82,199.91
8364.82,199.91
8369.82,199.91
8374.82,199.91
8379.82,199.91
8384.81,199.91
8389.81,199.91
8394.81,199.91
8399.81,199.91
8404.8,199.91
8409.8,199.91
8414.8,199.91
8419.8,199.91
8424.8,199.91
8429.79,199.91
8434.79,199.91
8439.79,199.91
8444.79,199.91
8449.78,199.91
8454.78,199.91
8459.78,199.91
8464.78,199.91
8469.78,199.91
8474.77,199.91
8479.77,199.91
8484.77,199.91
8489.77,199.91
8494.76,199.91
8499.76,199.91
8504.76,199.91
8509.76,199.91
8514.75,199.91
8519.75,199.91
8524.75,199.91
8529.75,199.91
8534.75,199.91
8539.74,199.91
8544.74,199.91
8549.74,199.91
8554.74,199.91
8559.73,199.91
8564.73,199.91
8569.73,199.91
8574.73,199.91
8579.73,199.91
8584.72,199.91
8589.72,199.91
8594.72,199.91
8599.72,199.91
8604.71,199.91
8609.71,199.91
8614.71,199.91
8619.71,199.91
8624.71,199.91
8629.7,199.91
8634.7,199.91
8639.7,199.91
8644.7,199.91
8649.69,199.91
8654.69,199.91
8659.69,199.91
8664.69,199.91
8669.68,199.91
8674.68,199.91
8679.68,199.91
8684.68,199.91
8689.68,199.91
8694.67,199.91
8699.67,199.91
8704.67,199.91
8709.67,199.91
8714.66,199.91
8719.66,199.91
8724.66,199.91
8729.66,199.91
8734.66,199.91
8739.65,199.91
8744.65,199.91
8749.65,199.91
8754.65,199.91
8759.64,199.91
8764.64,199.91
8769.64,199.91
8774.64,199.91
8779.64,199.91
8784.63,199.91
8789.63,199.91
8794.63,199.91
8799.63,199.91
8804.62,199.91
8809.62,199.91
8814.62,199.91
8819.62,199.91
8824.61,199.91
8829.61,199.91
8834.61,199.91
8839.61,199.91
8844.61,199.91
8849.6,199.91
8854.6,199.91
8859.6,199.91
8864.6,199.91
8869.59,199.91
8874.59,199.91
8879.59,199.91
8884.59,199.91
8889.59,199.91
8894.58,199.91
8899.58,199.91
8904.58,199.91
8909.58,199.91
8914.57,199.91
8919.57,199.91
8924.57,199.91
8929.57,199.91
8934.57,199.91
8939.56,199.91
8944.56,199.91
8949.56,199.91
8954.56,199.91
8959.55,199.91
8964.55,199.91
8969.55,199.91
8974.55,199.91
8979.54,199.91
8984.54,199.91
8989.54,199.91
8994.54,199.91
8999.54,199.91
9004.53,199.91
9009.53,199.91
9014.53,199.91
9019.53,199.91
9024.52,199.91
9029.52,199.91
9034.52,199.91
9039.52,199.91
9044.52,199.91
9049.51,199.91
9054.51,199.91
9059.51,199.91
9064.51,199.91
9069.5,199.91
9074.5,199.91
9079.5,199.91
9084.5,199.91
9089.5,199.91
9094.49,199.91
9099.49,199.91
9104.49,199.91
9109.49,199.91
9114.48,199.91
9119.48,199.91
9124.48,199.91
9129.48,199.91
9134.48,199.91
9139.47,199.91
9144.47,199.91
9149.47,199.91
9154.47,199.91
9159.46,199.91
9164.46,199.91
9169.46,199.91
9174.46,199.91
9179.45,199.91
9184.45,199.91
9189.45,199.91
9194.45,199.91
9199.45,199.91
9204.44,199.91
9209.44,199.91
9214.44,199.91
9219.44,199.91
9224.43,199.91
9229.43,199.91
9234.43,199.91
9239.43,199.91
9244.43,199.91
9249.42,199.91
9254.42,199.91
9259.42,199.91
9264.42,199.91
9269.41,199.91
9274.41,199.91
9279.41,199.91
9284.41,199.91
9289.41,199.91
9294.4,199.91
9299.4,199.91
9304.4,199.91
9309.4,199.91
9314.39,199.91
9319.39,199.91
9324.39,199.91
9329.39,199.91
9334.38,199.91
9339.38,199.91
9344.38,199.91
9349.38,199.91
9354.38,199.91
9359.37,199.91
9364.37,199.91
9369.37,199.91
9374.37,199.91
9379.36,199.91
9384.36,199.91
9389.36,199.91
9394.36,199.91
9399.36,199.91
9404.35,199.91
9409.35,199.91
9414.35,199.91
9419.35,199.91
9424.34,199.91
9429.34,199.91
9434.34,199.91
9439.34,199.91
9444.34,199.91
9449.33,199.91
9454.33,199.91
9459.33,199.91
9464.33,199.91
9469.32,199.91
9474.32,199.91
9479.32,199.91
9484.32,199.91
9489.31,199.91
9494.31,199.91
9499.31,199.91
9504.31,199.91
9509.31,199.91
9514.3,199.91
9519.3,199.91
9524.3,199.91
9529.3,199.91
9534.29,199.91
9539.29,199.91
9544.29,199.91
9549.29,199.91
9554.29,199.91
9559.28,199.91
9564.28,199.91
9569.28,199.91
9574.28,199.91
9579.27,199.91
9584.27,199.91
9589.27,199.91
9594.27,199.91
9599.27,199.91
9604.26,199.91
9609.26,199.91
9614.26,199.91
9619.26,199.91
9624.25,199.91
9629.25,199.91
9634.25,199.91
9639.25,199.91
9644.25,199.91
9649.24,199.91
9654.24,199.91
9659.24,199.91
9664.24,199.91
9669.23,199.91
9674.23,199.91
9679.23,199.91
9684.23,199.91
9689.22,199.91
9694.22,199.91
9699.22,199.91
9704.22,199.91
9709.22,199.91
9714.21,199.91
9719.21,199.91
9724.21,199.91
9729.21,199.91
9734.2,199.91
9739.2,199.91
9744.2,199.91
9749.2,199.91
9754.2,199.91
9759.19,199.91
9764.19,199.91
9769.19,199.91
9774.19,199.91
9779.18,199.91
9784.18,199.91
9789.18,199.91
9794.18,199.91
9799.18,199.91
9804.17,199.91
9809.17,199.91
9814.17,199.91
9819.17,199.91
9824.16,199.91
9829.16,199.91
9834.16,199.91
9839.16,199.91
9844.15,199.91
9849.15,199.91
9854.15,199.91
9859.15,199.91
9864.15,199.91
9869.14,199.91
9874.14,199.91
9879.14,199.91
9884.14,199.91
9889.13,199.91
9894.13,199.91
9899.13,199.91
9904.13,199.91
9909.13,199.91
9914.12,199.91
9919.12,199.91
9924.12,199.91
9929.12,199.91
9934.11,199.91
9939.11,199.91
9944.11,199.91
9949.11,199.91
9954.11,199.91
9959.1,199.91
9964.1,199.91
9969.1,199.91
9974.1,199.91
9979.09,199.91
9984.09,199.91
9989.09,199.91
9994.09,199.91
9999.08,199.91
10004.1,199.91
10009.1,199.91
10014.1,199.91
10019.1,199.91
10024.1,199.91
10029.1,199.91
10034.1,199.91
10039.1,199.91
10044.1,199.91
10049.1,199.91
10054.1,199.91
10059.1,199.91
10064.1,199.91
10069.1,199.91
10074.1,199.91
10079.0,199.91
10084.0,199.91
10089.0,199.91
10094.0,199.91
10099.0,199.91
10104.0,199.91
10109.0,199.91
10110.7,199.91
